usename,password
admin,admin
jeff.ondricka,KGE3Xl4X
ashton.beier,ZPxf90EP
natalie,Rq5YN7Tx
jo_franecki,kxL8NmNs
danielle,nBH4VaBt
usename,password
admin,admin
quinn_cruickshank,8sIWX2Po
abdiel,MDG1HYAn
abigale,g75gzUmW
alexander.bartoletti,hob2pfeB
margret_renner,c5g2ZML3
usename,password
admin,admin
makenna.turner,A2oEM1rv
eva.cruickshank,SMbeZw1V
mattie_schneider,CinhXPAX
beth,Dx4LVwSg
gabe_walter,EqngGM5i
usename,password
admin,admin
jacklyn,VivyR1S5
stanton_borer,BY0wsDQR
kacie.wisoky,VjT9ju1l
johnson_schimmel,WZE2CN3m
issac.wehner,r8ikNM5T
usename,password
admin,admin
reagan.reilly,ayNJJH3z
lolita,Qv1BMZCj
wilhelmine.konopelski,GTFV3sho
nichole,3BXhCY3G
kylee,MUWhsM9W
usename,password
admin,admin
anika.becker,PYt3HzzC
alisa.graham,IdSEz58b
alice,cJW1iRqd
bethany_blick,9WVQXUBT
justine.walter,3MbjNvrw
usename,password
admin,admin
ethel,6w6FDNNu
carson,ZGABnRSw
dameon,Q5FcFhGn
rosamond,kxCRznEI
wallace,S8yv6Shv
usename,password
admin,admin
russel,fyzqXmU2
lauretta,SIwtAA6H
donato_moore,WJnYdqwX
fidel.bartell,ssdjOJ0c
monica,sESc6UIx
